bin,read number,time
150kD,85,6.916666667
10kD,160,13.16666667
3-4kD,250,20.66666667
monomer,360,29.83333333
FLA,440,36.5
