bin,read number,time
150kD,145,9.666666667
10kD,213,14.2
4kD,340,22.66666667
Gal,482,32.13333333
FLA,582,38.8
