bin,read number,time
150kD,100,8.333333333
10kD,175,14.58333333
4kD,260,21.66666667
Gal,390,32.5
FLA,470,39.16666667
